id,url,tipo,aula_id
3601,exemplo/conteudo/Conjuntos e conjuntos numéricos.pdf,conteudo,4115
3602,exemplo/gabarito/Gabarito-questoes.pdf,gabarito,4115
3603,exemplo/gabarito/gabarito-simulado.pdf,gabarito,4115
3604,exemplo/conteudo/LISTA DE EXERCÍCIOS.pdf,conteudo,4116
3605,exemplo/gabarito/Gabarito-questoes.pdf,gabarito,4116
3606,exemplo/gabarito/gabarito-simulado.pdf,gabarito,4116
3607,exemplo/conteudo/exercicios.pdf,conteudo,4117
3608,exemplo/gabarito/gabarito-simulado.pdf,gabarito,4117
3609,exemplo/conteudo/Conjuntos e conjuntos numéricos.pdf,conteudo,4118
3610,exemplo/gabarito/Gabarito-questoes.pdf,gabarito,4118
3611,exemplo/conteudo/LISTA DE EXERCÍCIOS.pdf,conteudo,4119
3612,exemplo/gabarito/gabarito-simulado.pdf,gabarito,4119
3613,exemplo/conteudo/Conjuntos e conjuntos numéricos.pdf,conteudo,4120
3614,exemplo/gabarito/Gabarito-questoes.pdf,gabarito,4120
3615,exemplo/conteudo/exercicios.pdf,conteudo,4121
3616,exemplo/gabarito/gabarito-simulado.pdf,gabarito,4121
3617,exemplo/conteudo/Conjuntos e conjuntos numéricos.pdf,conteudo,4122
3618,exemplo/gabarito/Gabarito-questoes.pdf,gabarito,4122
3619,exemplo/conteudo/LISTA DE EXERCÍCIOS.pdf,conteudo,4123
3620,exemplo/gabarito/gabarito-simulado.pdf,gabarito,4123
3621,exemplo/conteudo/exercicios.pdf,conteudo,4124
3622,exemplo/gabarito/Gabarito-questoes.pdf,gabarito,4124
3623,exemplo/conteudo/LISTA DE EXERCÍCIOS.pdf,conteudo,4125
3624,exemplo/gabarito/gabarito-simulado.pdf,gabarito,4125
3625,exemplo/conteudo/Conjuntos e conjuntos numéricos.pdf,conteudo,4126
3626,exemplo/gabarito/gabarito-simulado.pdf,gabarito,4126
3627,exemplo/conteudo/LISTA DE EXERCÍCIOS.pdf,conteudo,4127
3628,exemplo/gabarito/Gabarito-questoes.pdf,gabarito,4127
3629,exemplo/conteudo/exercicios.pdf,conteudo,4128
3630,exemplo/gabarito/Gabarito-questoes.pdf,gabarito,4128
3631,exemplo/conteudo/LISTA DE EXERCÍCIOS.pdf,conteudo,4129
3632,exemplo/gabarito/gabarito-simulado.pdf,gabarito,4129
3633,exemplo/conteudo/exercicios.pdf,conteudo,4130
3634,exemplo/gabarito/Gabarito-questoes.pdf,gabarito,4130
3635,exemplo/conteudo/LISTA DE EXERCÍCIOS.pdf,conteudo,4131
3636,exemplo/gabarito/gabarito-simulado.pdf,gabarito,4131
3637,exemplo/conteudo/Conjuntos e conjuntos numéricos.pdf,conteudo,4132
3638,exemplo/gabarito/Gabarito-questoes.pdf,gabarito,4132
3639,exemplo/conteudo/LISTA DE EXERCÍCIOS.pdf,conteudo,4133
3640,exemplo/gabarito/Gabarito-questoes.pdf,gabarito,4133
3641,exemplo/conteudo/Conjuntos e conjuntos numéricos.pdf,conteudo,4134
3642,exemplo/gabarito/gabarito-simulado.pdf,gabarito,4134
3643,exemplo/conteudo/exercicios.pdf,conteudo,4135
3644,exemplo/gabarito/gabarito-simulado.pdf,gabarito,4135
3645,exemplo/conteudo/Conjuntos e conjuntos numéricos.pdf,conteudo,4136
3646,exemplo/gabarito/Gabarito-questoes.pdf,gabarito,4136
3647,exemplo/conteudo/exercicios.pdf,conteudo,4137
3648,exemplo/gabarito/gabarito-simulado.pdf,gabarito,4137
3649,exemplo/conteudo/Conjuntos e conjuntos numéricos.pdf,conteudo,4138
3650,exemplo/gabarito/Gabarito-questoes.pdf,gabarito,4138
3651,exemplo/conteudo/LISTA DE EXERCÍCIOS.pdf,conteudo,4139
3652,exemplo/gabarito/Gabarito-questoes.pdf,gabarito,4139
3653,exemplo/conteudo/exercicios.pdf,conteudo,4140
3654,exemplo/gabarito/Gabarito-questoes.pdf,gabarito,4140
3655,exemplo/conteudo/LISTA DE EXERCÍCIOS.pdf,conteudo,4141
3656,exemplo/gabarito/Gabarito-questoes.pdf,gabarito,4141
3657,exemplo/conteudo/Conjuntos e conjuntos numéricos.pdf,conteudo,4142
3658,exemplo/gabarito/Gabarito-questoes.pdf,gabarito,4142
3659,exemplo/conteudo/Conjuntos e conjuntos numéricos.pdf,conteudo,4143
3660,exemplo/gabarito/Gabarito-questoes.pdf,gabarito,4143
3661,exemplo/conteudo/LISTA DE EXERCÍCIOS.pdf,conteudo,4144
3662,exemplo/gabarito/Gabarito-questoes.pdf,gabarito,4144
3663,exemplo/conteudo/exercicios.pdf,conteudo,4145
3664,exemplo/gabarito/Gabarito-questoes.pdf,gabarito,4145
3665,exemplo/conteudo/LISTA DE EXERCÍCIOS.pdf,conteudo,4146
3666,exemplo/gabarito/Gabarito-questoes.pdf,gabarito,4146
3667,exemplo/conteudo/Conjuntos e conjuntos numéricos.pdf,conteudo,4147
3668,exemplo/gabarito/Gabarito-questoes.pdf,gabarito,4147
3669,exemplo/conteudo/LISTA DE EXERCÍCIOS.pdf,conteudo,4148
3670,exemplo/gabarito/Gabarito-questoes.pdf,gabarito,4148
3671,exemplo/conteudo/Conjuntos e conjuntos numéricos.pdf,conteudo,4149
3672,exemplo/gabarito/Gabarito-questoes.pdf,gabarito,4149
